Date,Home Team,Home Score,Away Team,Away Score
2026-03-19,Plato,20,Bismarck,1
2026-03-19,Ash Grove,4,East Newton,6
2026-03-19,Cabool,2,Gainesville,12
2026-03-19,Kingston,0,Greenville,22
2026-03-19,Crane,5,Hollister,2
2026-03-19,Versailles,2,Lincoln,12
2026-03-19,Galena,0,Mansfield,15
2026-03-19,Stockton with Fair Play,1,Mt. Vernon,11
2026-03-19,Charleston,0,Portageville with Risco,15
2026-03-20,Lockwood,9,Adrian,6
2026-03-20,Central (New Madrid County),1,Adrian,5
2026-03-20,Osceola,20,Archie,16
2026-03-20,El Dorado Springs,14,Ash Grove,4
2026-03-20,Mt. Vernon,14,Ava,1
2026-03-20,Plato,7,Ava,8
2026-03-20,Leopold,11,Bernie,9
2026-03-20,Ellington,27,Bismarck,8
2026-03-20,Rich Hill,0,Central (New Madrid County),18
2026-03-20,Prairie Home with Bunceton,0,Cole Camp,20
2026-03-20,Exeter,4,Concordia,7
2026-03-20,Mansfield,15,Conway,9
2026-03-20,Sparta,20,Conway,3
2026-03-20,Concordia,0,Diamond,3
2026-03-20,Jasper,0,Diamond,16
2026-03-20,Lamar,0,East Newton,9
2026-03-20,Pierce City,0,East Newton,7
2026-03-20,Mansfield,12,Gainesville,2
2026-03-20,Sparta,4,Gainesville,22
2026-03-20,Exeter,8,Jasper,4
2026-03-20,Leeton,14,Lakeland,11
2026-03-20,Liberal,0,Lamar,1
2026-03-20,Pierce City,2,Liberal,3
2026-03-20,Alton,19,Liberty (Mountain View),11
2026-03-20,Rich Hill,0,Lockwood,14
2026-03-20,Northwest (Hughesville),7,Lone Jack,17
2026-03-20,South Pemiscot,3,Malden,10
2026-03-20,Sarcoxie,8,Marionville,7
2026-03-20,Plato,12,Mt. Vernon,17
2026-03-20,Senath-Hornersville,19,North Pemiscot,3
2026-03-20,Advance,7,Oran,17
2026-03-20,Hollister,2,Pleasant Hope,7
2026-03-20,Marionville,0,Purdy,5
2026-03-20,Sweet Springs,0,Purdy,1
2026-03-20,Kingsville,5,Santa Fe,1
2026-03-20,Sweet Springs,2,Sarcoxie,0
2026-03-20,Versailles,2,Skyline,12
2026-03-20,Miller,10,Strafford,7
2026-03-20,Arcadia Valley,9,Woodland,19
2026-03-21,Lamar,6,Adrian,3
2026-03-21,Concordia,4,Adrian,1
2026-03-21,Cabool,0,Bakersfield,15
2026-03-21,Liberty (Mountain View),1,Bakersfield,11
2026-03-21,Thayer,9,Bakersfield,1
2026-03-21,Liberty (Mountain View),6,Cabool,18
2026-03-21,Thayer,15,Cabool,0
2026-03-21,Exeter,4,Central (New Madrid County),1
2026-03-21,Sarcoxie,1,Central (New Madrid County),13
2026-03-21,Scott County Central,16,Charleston,1
2026-03-21,South Pemiscot,22,Charleston,0
2026-03-21,Skyline,16,Clever,4
2026-03-21,Stockton with Fair Play,9,Clever,10
2026-03-21,Strafford,1,Clever,16
2026-03-21,Sweet Springs,22,Concordia,6
2026-03-21,Licking,20,Dora,23
2026-03-21,Purdy,2,East Newton,15
2026-03-21,Diamond,0,East Newton,8
2026-03-21,Skyline,7,Fair Grove,3
2026-03-21,Strafford,0,Fair Grove,10
2026-03-21,Fair Grove,12,Forsyth,5
2026-03-21,Skyline,12,Forsyth,0
2026-03-21,Stockton with Fair Play,10,Forsyth,9
2026-03-21,Ste. Genevieve,3,Holcomb,5
2026-03-21,Pierce City,12,Jasper,2
2026-03-21,Rich Hill,20,Jasper,9
2026-03-21,Sweet Springs,10,Lamar,1
2026-03-21,Exeter,3,Liberal,3
2026-03-21,Sarcoxie,4,Liberal,5
2026-03-21,Thayer,15,Liberty (Mountain View),0
2026-03-21,Purdy,2,Lockwood,3
2026-03-21,Diamond,11,Lockwood,4
2026-03-21,Senath-Hornersville,1,Malden,16
2026-03-21,Clearwater with South Iron,23,Malden,5
2026-03-21,Pierce City,6,Marionville,10
2026-03-21,Rich Hill,6,Marionville,12
2026-03-21,Mt. Vernon,17,Mountain Grove,0
2026-03-21,South Pemiscot,16,Scott County Central,4
2026-03-21,Clearwater with South Iron,21,Senath-Hornersville,0
2026-03-21,Verona,4,Southwest (Washburn),22
2026-03-21,Wheaton,4,Southwest (Washburn),2
2026-03-21,Strafford,11,Stockton with Fair Play,6
2026-03-21,Wheaton,17,Verona,2
2026-03-23,Wellington-Napoleon,2,Adrian,12
2026-03-23,Woodland,7,Advance,20
2026-03-23,Bismarck,18,Arcadia Valley,20
2026-03-23,Lincoln,18,Archie,0
2026-03-23,Forsyth,5,Ash Grove,8
2026-03-23,Ash Grove,6,Buffalo,5
2026-03-23,Forsyth,3,Buffalo,4
2026-03-23,Alton,17,Cabool,1
2026-03-23,Portageville with Risco,7,Campbell,3
2026-03-23,West County,0,Central (Park Hills),5
2026-03-23,Delta,16,Charleston,0
2026-03-23,Ava,0,Clever,10
2026-03-23,Pleasant Hope,11,Crane,6
2026-03-23,Springfield Catholic,7,Diamond,11
2026-03-23,Hollister,0,East Newton,9
2026-03-23,Southwest (Washburn),0,Exeter,10
2026-03-23,Stockton with Fair Play,3,Fair Grove,13
2026-03-23,Greenfield with Golden City,14,Galena,0
2026-03-23,Bernie,11,Greenville,6
2026-03-23,South Pemiscot,6,Holcomb,16
2026-03-23,Valle Catholic,21,Kingston,2
2026-03-23,Green Ridge,4,Kingsville,2
2026-03-23,Miller,10,Lamar,2
2026-03-23,Butler,18,Leeton,0
2026-03-23,Malden,11,Leopold,1
2026-03-23,Clearwater with South Iron,18,Liberty (Mountain View),0
2026-03-23,Conway,4,Licking,14
2026-03-23,Plato,15,Mansfield,4
2026-03-23,Oran,13,Meadow Heights,5
2026-03-23,Lone Jack,17,Midway,2
2026-03-23,Strafford,0,Mt. Vernon,15
2026-03-23,New Heights Christian,0,Mt. Vernon,16
2026-03-23,Ste. Genevieve,19,Potosi,9
2026-03-23,Diamond,6,Purdy,10
2026-03-23,Springfield Catholic,4,Purdy,1
2026-03-23,Cole Camp,12,Santa Fe,7
2026-03-23,Bloomfield,8,Scott County Central,1
2026-03-23,Concordia,0,Skyline,10
2026-03-23,Prairie Home with Bunceton,0,Stover,25
2026-03-23,New Heights Christian,2,Strafford,19
2026-03-23,Sweet Springs,15,Tipton,3
2026-03-23,Dora,3,Willow Springs,13
2026-03-24,Stover,2,Adrian,10
2026-03-24,Willow Springs,8,Alton,3
2026-03-24,Purdy,6,Ash Grove,7
2026-03-24,Mt. Vernon,11,Ash Grove,1
2026-03-24,Gainesville,3,Bakersfield,15
2026-03-24,Woodland,3,Bernie,12
2026-03-24,Dexter,0,Bloomfield,11
2026-03-24,Seymour,16,Blue Eye,4
2026-03-24,Diamond,10,Buffalo,0
2026-03-24,Strafford,7,Buffalo,8
2026-03-24,Kennett,12,Central (New Madrid County),2
2026-03-24,St. Paul Lutheran (Concordia),0,Cole Camp,15
2026-03-24,Greenville,17,Delta,7
2026-03-24,Strafford,4,Diamond,10
2026-03-24,Fordland,5,Dora,20
2026-03-24,Lockwood,5,East Newton,7
2026-03-24,Senath-Hornersville,2,East Prairie,17
2026-03-24,Salem,23,Ellington,6
2026-03-24,Crane,13,Exeter,0
2026-03-24,Ava,2,Fair Grove,9
2026-03-24,Springfield Catholic,14,Forsyth,0
2026-03-24,New Heights Christian,1,Forsyth,7
2026-03-24,Spokane,26,Galena,2
2026-03-24,Valle Catholic,11,Grandview (Hillsboro),1
2026-03-24,Steelville with Viburnum,9,Houston,19
2026-03-24,Osceola,3,Jasper,21
2026-03-24,Summersville,2,Licking,12
2026-03-24,Butler,8,Lone Jack,10
2026-03-24,Lakeland,7,Midway,17
2026-03-24,Greenfield with Golden City,1,Miller,16
2026-03-24,Holcomb,13,North Pemiscot,2
2026-03-24,Kingsville,10,Northwest (Hughesville),7
2026-03-24,Meadow Heights,1,Oak Ridge,16
2026-03-24,Crest Ridge,17,Orrick,0
2026-03-24,Holcomb,0,Portageville with Risco,3
2026-03-24,Mt. Vernon,15,Purdy,0
2026-03-24,Advance,9,Puxico,8
2026-03-24,Marionville,15,Reeds Spring,5
2026-03-24,Sweet Springs,10,Santa Fe,0
2026-03-24,Campbell,14,South Pemiscot,12
2026-03-24,Billings with Hurley,13,Southwest (Washburn),9
2026-03-24,New Heights Christian,1,Springfield Catholic,9
2026-03-24,Liberal,4,Stockton with Fair Play,5
2026-03-24,Wheaton,20,Verona,6
2026-03-24,Leeton,0,Wellington-Napoleon,15
2026-03-24,Bourbon,9,West County,10
2026-03-24,Liberty (Mountain View),22,Winona,17
2026-03-25,Potosi,19,Arcadia Valley,0
2026-03-25,Salem,10,Bourbon,3
2026-03-25,Bernie,13,Campbell,6
2026-03-25,Sparta,0,Clever,15
2026-03-25,Lone Jack,9,Concordia,4
2026-03-25,Crest Ridge,5,Green Ridge,1
2026-03-25,Lamar,12,Jasper,0
2026-03-25,Archie,11,Kingsville,21
2026-03-25,Meadow Heights,0,Leopold,15
2026-03-25,Butler,23,Rich Hill,1
2026-03-25,Kingston,0,Ste. Genevieve,23
2026-03-25,Central (Park Hills),10,Valle Catholic,0
2026-03-25,El Dorado Springs,20,Versailles,3
2026-03-25,Orrick,1,Wellington-Napoleon,17
2026-03-25,Bismarck,8,West County,23
2026-03-25,Leeton,2,Windsor,17
2026-03-26,Delta,14,Advance,18
2026-03-26,Licking,5,Ava,8
2026-03-26,Dora,0,Bakersfield,15
2026-03-26,Wheaton,11,Billings with Hurley,5
2026-03-26,Leopold,8,Bloomfield,6
2026-03-26,Portageville with Risco,20,Caruthersville,3
2026-03-26,Malden,2,Central (New Madrid County),14
2026-03-26,Dexter,23,Charleston,11
2026-03-26,Northwest (Hughesville),5,Concordia,12
2026-03-26,Gainesville,24,Conway,1
2026-03-26,Clever,0,East Newton,11
2026-03-26,Fair Grove,7,El Dorado Springs,4
2026-03-26,Reeds Spring,29,Greenfield with Golden City,16
2026-03-26,Miller,9,Hollister,2
2026-03-26,Mansfield,5,Houston,12
2026-03-26,Scott City,0,Kennett,10
2026-03-26,Bourbon,17,Kingston,0
2026-03-26,Mountain Grove,12,Koshkonong,1
2026-03-26,Crest Ridge,5,Lincoln,2
2026-03-26,Spokane,1,Marionville,11
2026-03-26,East Prairie,25,Meadow Heights,0
2026-03-26,Bernie,3,Oran,10
2026-03-26,Ellington,13,Scott County Central,8
2026-03-26,Blue Eye,0,Southwest (Washburn),15
2026-03-26,Exeter,0,Springfield Catholic,9
2026-03-26,Sweet Springs,18,St. Paul Lutheran (Concordia),0
2026-03-26,Central (Park Hills),22,Steelville with Viburnum,0
2026-03-26,Versailles,5,Tipton,8
2026-03-26,Pierce City,21,Verona,1
2026-03-27,Butler,9,Adrian,11
2026-03-27,Stockton with Fair Play,20,Archie,0
2026-03-27,Plato,17,Cabool,2
2026-03-27,Kennett,5,Central (Park Hills),4
2026-03-27,Puxico,1,Clearwater with South Iron,11
2026-03-27,Stover,22,Conway,8
2026-03-27,East Newton,4,Diamond,3
2026-03-27,Arcadia Valley,5,Ellington,7
2026-03-27,Sparta,10,Gainesville,7
2026-03-27,Kingston,8,Grandview (Hillsboro),16
2026-03-27,Gainesville,8,Hollister,0
2026-03-27,Sparta,6,Hollister,7
2026-03-27,Santa Fe,9,Kingsville,9
2026-03-27,Windsor,10,Kingsville,18
2026-03-27,Pleasant Hope,14,Lamar,10
2026-03-27,Springfield Catholic,4,Lamar,1
2026-03-27,Lincoln,22,Leeton,3
2026-03-27,Mansfield,17,Liberty (Mountain View),4
2026-03-27,Jasper,3,Lockwood,13
2026-03-27,Advance,16,Meadow Heights,2
2026-03-27,Santa Fe,8,Midway,5
2026-03-27,Windsor,12,Midway,17
2026-03-27,Pleasant Hope,2,Miller,19
2026-03-27,Otterville,1,Northwest (Hughesville),16
2026-03-27,Wellington-Napoleon,1,Northwest (Hughesville),5
2026-03-27,Lakeland,10,Osceola,27
2026-03-27,Tipton,20,Otterville,1
2026-03-27,Kennett,15,Potosi,0
2026-03-27,East Prairie,7,Scott City,4
2026-03-27,Caruthersville,9,Senath-Hornersville,12
2026-03-27,Sweet Springs,0,Skyline,15
2026-03-27,Wellington-Napoleon,5,Tipton,6
2026-03-27,Greenfield with Golden City,15,Wheaton,19
2026-03-27,Licking,5,Willow Springs,15
2026-03-27,Alton,19,Winona,2
2026-03-27,Oak Ridge,18,Woodland,0
2026-03-28,Buffalo,8,Adrian,12
2026-03-28,Salem,4,Ava,9
2026-03-28,Houston,2,Ava,14
2026-03-28,Willow Springs,15,Ava,14
2026-03-28,Fordland,16,Blue Eye,6
2026-03-28,Oran,4,Clearwater with South Iron,14
2026-03-28,Plato,15,Couch,0
2026-03-28,Winona,5,Couch,9
2026-03-28,Mansfield,0,Crane,10
2026-03-28,Spokane,5,Crane,15
2026-03-28,Sparta,2,Fordland,12
2026-03-28,Blue Eye,5,Forsyth,15
2026-03-28,Fordland,0,Forsyth,5
2026-03-28,Gainesville,7,Forsyth,5
2026-03-28,Blue Eye,0,Hollister,19
2026-03-28,Mountain Grove,16,Houston,18
2026-03-28,Ste. Genevieve,0,Kennett,9
2026-03-28,Midway,0,Kingsville,10
2026-03-28,Northwest (Hughesville),10,Kingsville,0
2026-03-28,Couch,6,Koshkonong,5
2026-03-28,Plato,13,Koshkonong,1
2026-03-28,Winona,4,Koshkonong,6
2026-03-28,Miller,9,Lamar,0
2026-03-28,Spokane,4,Mansfield,15
2026-03-28,Wellington-Napoleon,5,Midway,15
2026-03-28,Springfield Catholic,3,Miller,5
2026-03-28,Thayer,3,Mountain Grove,6
2026-03-28,Willow Springs,4,Mountain Grove,3
2026-03-28,Tipton,1,Northwest (Hughesville),4
2026-03-28,Wellington-Napoleon,5,Otterville,1
2026-03-28,Windsor,11,Otterville,3
2026-03-28,Winona,1,Plato,16
2026-03-28,Springfield Catholic,15,Pleasant Hope,3
2026-03-28,Houston,5,Salem,3
2026-03-28,Tipton,11,Santa Fe,4
2026-03-28,Windsor,3,Santa Fe,2
2026-03-28,Adrian,2,Skyline,11
2026-03-28,Buffalo,3,Skyline,9
2026-03-28,Willow Springs,3,Thayer,4
2026-03-28,Clearwater with South Iron,6,Valle Catholic,1
2026-03-28,Oran,14,Valle Catholic,17
2026-03-30,Oak Ridge,20,Advance,1
2026-03-30,Mountain Grove,15,Alton,0
2026-03-30,West County,29,Arcadia Valley,10
2026-03-30,Mt. Vernon,8,Ash Grove,2
2026-03-30,Mansfield,5,Ava,11
2026-03-30,Couch,0,Bakersfield,15
2026-03-30,Malden,15,Bernie,11
2026-03-30,Warsaw,12,Butler,0
2026-03-30,Seymour,9,Cabool,10
2026-03-30,Ste. Genevieve,14,Central (Park Hills),15
2026-03-30,Woodland,29,Charleston,9
2026-03-30,Cole Camp,14,Concordia,11
2026-03-30,Plato,19,Conway,0
2026-03-30,Forsyth,2,Diamond,12
2026-03-30,Thayer,16,Dora,1
2026-03-30,New Heights Christian,2,El Dorado Springs,18
2026-03-30,Galena,3,Fordland,13
2026-03-30,Clearwater with South Iron,19,Grandview (Hillsboro),0
2026-03-30,Prairie Home with Bunceton,0,Green Ridge,15
2026-03-30,Jasper,18,Greenfield with Golden City,14
2026-03-30,Kennett,17,Holcomb,3
2026-03-30,Potosi,21,Kingston,0
2026-03-30,Puxico,6,Leopold,9
2026-03-30,Hume,3,Lockwood,15
2026-03-30,Clever,16,Marionville,0
2026-03-30,Southwest (Washburn),0,Miller,10
2026-03-30,Versailles,2,Northwest (Hughesville),3
2026-03-30,Spokane,16,Pleasant Hope,5
2026-03-30,Scott City,6,Portageville with Risco,15
2026-03-30,Orrick,1,Santa Fe,16
2026-03-30,East Prairie,22,Scott County Central,0
2026-03-30,Wellington-Napoleon,16,St. Paul Lutheran (Concordia),10
2026-03-30,Lone Jack,5,Sweet Springs,10
2026-03-30,Lincoln,8,Tipton,0
2026-03-30,Meadow Heights,6,Valle Catholic,16
2026-03-30,East Newton,13,Wheaton,0
2026-03-31,Leeton,2,Adrian,18
2026-03-31,Scott City,10,Advance,8
2026-03-31,Clearwater with South Iron,22,Arcadia Valley,1
2026-03-31,Diamond,2,Ash Grove,3
2026-03-31,Thayer,6,Bakersfield,3
2026-03-31,Bernie,13,Bloomfield,4
2026-03-31,Spokane,13,Blue Eye,0
2026-03-31,Bismarck,2,Bourbon,17
2026-03-31,Kingston,2,Central (Park Hills),17
2026-03-31,Purdy,3,Crane,4
2026-03-31,Cole Camp,0,Crest Ridge,3
2026-03-31,Scott County Central,8,Delta,18
2026-03-31,Holcomb,20,Dexter,1
2026-03-31,Lamar,8,El Dorado Springs,3
2026-03-31,Clever,10,Fair Grove,3
2026-03-31,Verona,0,Fordland,10
2026-03-31,Hollister,2,Forsyth,15
2026-03-31,Rich Hill,9,Hume,11
2026-03-31,Miller,13,Lockwood,5
2026-03-31,Tipton,2,Lone Jack,17
2026-03-31,Kennett,20,Malden,5
2026-03-31,Pleasant Hope,6,Marionville,7
2026-03-31,Clarkton,5,North Pemiscot,23
2026-03-31,Leopold,9,Oran,6
2026-03-31,Liberal,8,Osceola,7
2026-03-31,Sarcoxie,5,Pierce City,17
2026-03-31,Malden,6,Portageville with Risco,8
2026-03-31,Kennett,14,Portageville with Risco,3
2026-03-31,Buffalo,4,Reeds Spring,2
2026-03-31,Charleston,3,Richland (Essex),14
2026-03-31,Charleston,4,Richland (Essex),17
2026-03-31,Potosi,6,Salem,13
2026-03-31,Lincoln,6,Santa Fe,4
2026-03-31,Ava,7,Seymour,0
2026-03-31,Stockton with Fair Play,0,Skyline,6
2026-03-31,Central (New Madrid County),18,South Pemiscot,2
2026-03-31,Valle Catholic,2,Ste. Genevieve,7
2026-03-31,Springfield Catholic,12,Strafford,4
2026-03-31,Green Ridge,1,Warsaw,11
2026-03-31,Steelville with Viburnum,5,West County,15
2026-03-31,Gainesville,2,Willow Springs,7
2026-03-31,Butler,16,Windsor,5
2026-03-31,Summersville,7,Winona,11
2026-04-01,Dexter,1,Bernie,16
2026-04-01,Diamond,1,Fair Grove,11
2026-04-01,Crane,2,Forsyth,5
2026-04-01,Clarkton,0,Holcomb,15
2026-04-01,Archie,22,Lakeland,4
2026-04-01,Crest Ridge,18,Midway,0
2026-04-01,Oran,0,Oak Ridge,15
2026-04-01,Galena,0,Purdy,15
2026-04-01,Leopold,22,Scott County Central,6
2026-04-01,Skyline,14,Springfield Catholic,2
2026-04-02,Dexter,1,Bernie,16
2026-04-02,Strafford,5,Buffalo,8
2026-04-02,Richland (Essex),17,Clarkton,11
2026-04-02,Ash Grove,9,Clever,7
2026-04-02,Chadwick,3,Crane,7
2026-04-02,Oran,18,Delta,8
2026-04-02,Skyline,7,Diamond,1
2026-04-02,Delta (Deering),0,Holcomb,15
2026-04-02,Fair Grove,20,Hollister,3
2026-04-02,Wellington-Napoleon,3,Lone Jack,13
2026-04-02,Scott City,17,Malden,10
2026-04-02,Marionville,0,Miller,17
2026-04-02,Liberty (Mountain View),0,Mountain Grove,17
2026-04-02,Lamar,5,Mt. Vernon,8
2026-04-02,Blue Eye,1,Purdy,11
2026-04-02,Ava,14,Salem,6
2026-04-02,Gainesville,20,Sparta,15
2026-04-02,Exeter,20,Spokane,5
2026-04-02,Pierce City,9,Stockton with Fair Play,8
2026-04-02,Cabool,1,Thayer,14
2026-04-02,Crest Ridge,20,Versailles,5
2026-04-02,Southwest (Washburn),5,Wheaton,15
2026-04-03,Holcomb,4,Bernie,10
2026-04-03,Pierce City,9,Billings with Hurley,0
2026-04-03,Malden,11,Campbell,9
2026-04-03,Thayer,4,Clearwater with South Iron,0
2026-04-03,Kennett,2,Clearwater with South Iron,6
2026-04-03,Forsyth,1,Clever,16
2026-04-03,Alton,22,Dora,21
2026-04-03,Blue Eye,0,Exeter,13
2026-04-03,Ash Grove,0,Fair Grove,10
2026-04-03,Bakersfield,12,Fordland,8
2026-04-03,Wheaton,20,Galena,3
2026-04-03,Sarcoxie,16,Jasper,7
2026-04-03,Liberal,1,Lamar,5
2026-04-03,Purdy,10,New Heights Christian,0
2026-04-03,Arcadia Valley,4,Oak Ridge,25
2026-04-03,Strafford,6,Stockton with Fair Play,7
2026-04-03,Kennett,10,Thayer,0
2026-04-06,El Dorado Springs,17,Adrian,4
2026-04-06,Hume,24,Archie,18
2026-04-06,Advance,0,Bernie,15
2026-04-06,Sparta,3,Billings with Hurley,11
2026-04-06,Central (Park Hills),18,Bismarck,3
2026-04-06,Plato,2,Bourbon,3
2026-04-06,Stockton with Fair Play,10,Butler,11
2026-04-06,Ava,13,Cabool,0
2026-04-06,Central (New Madrid County),14,Caruthersville,2
2026-04-06,Strafford,19,Chadwick,0
2026-04-06,Charleston,3,Clarkton,21
2026-04-06,Tipton,8,Cole Camp,9
2026-04-06,Dora,18,Couch,4
2026-04-06,Forsyth,0,East Newton,16
2026-04-06,Skyline,1,East Newton,0
2026-04-06,Skyline,8,Forsyth,0
2026-04-06,Blue Eye,17,Galena,3
2026-04-06,Seymour,2,Hollister,12
2026-04-06,Salem,8,Houston,9
2026-04-06,Midway,2,Lincoln,14
2026-04-06,Gideon,1,Malden,16
2026-04-06,Fordland,4,Mansfield,8
2026-04-06,New Heights Christian,2,Miller,17
2026-04-06,Diamond,8,Mt. Vernon,4
2026-04-06,Leopold,0,Oak Ridge,7
2026-04-06,Reeds Spring,18,Pleasant Hope,0
2026-04-06,Purdy,2,Sarcoxie,0
2026-04-06,Scott County Central,0,Scott City,10
2026-04-06,Delta (Deering),1,South Pemiscot,16
2026-04-06,North Pemiscot,1,South Pemiscot,16
2026-04-06,Ash Grove,16,Southwest (Washburn),0
2026-04-06,Marionville,6,Springfield Catholic,16
2026-04-06,Santa Fe,15,St. Paul Lutheran (Concordia),0
2026-04-06,Arcadia Valley,1,Ste. Genevieve,26
2026-04-06,Kingsville,5,Sweet Springs,2
2026-04-06,Northwest (Hughesville),8,Sweet Springs,5
2026-04-06,Mountain Grove,1,Thayer,8
2026-04-06,Potosi,4,Valle Catholic,14
2026-04-06,Exeter,16,Verona,0
2026-04-06,Concordia,14,Wellington-Napoleon,3
2026-04-06,Kingston,4,West County,25
2026-04-06,Liberty (Mountain View),5,Willow Springs,15
2026-04-06,Crest Ridge,10,Windsor,1
2026-04-06,Ellington,10,Winona,20
2026-04-07,Adrian,24,Archie,6
2026-04-07,Sarcoxie,8,Ash Grove,6
2026-04-07,Mansfield,6,Bakersfield,9
2026-04-07,Verona,2,Blue Eye,5
2026-04-07,Central (New Madrid County),21,Charleston,0
2026-04-07,Green Ridge,3,Cole Camp,4
2026-04-07,Scott City,6,Delta,1
2026-04-07,Stockton with Fair Play,2,Diamond,3
2026-04-07,East Newton,15,Exeter,0
2026-04-07,Forsyth,0,Fair Grove,9
2026-04-07,Seymour,1,Gainesville,5
2026-04-07,Advance,2,Holcomb,13
2026-04-07,Clever,14,Hollister,3
2026-04-07,Lakeland,2,Hume,7
2026-04-07,South Pemiscot,3,Kennett,18
2026-04-07,Lone Jack,6,Kingsville,1
2026-04-07,Ste. Genevieve,0,Leopold,17
2026-04-07,Licking,28,Liberty (Mountain View),15
2026-04-07,Pleasant Hope,0,Lincoln,10
2026-04-07,Osceola,1,Lockwood,14
2026-04-07,Dexter,3,Malden,20
2026-04-07,Woodland,11,Meadow Heights,10
2026-04-07,Jasper,25,Midway,19
2026-04-07,Southwest (Washburn),1,Mt. Vernon,8
2026-04-07,Lamar,11,New Heights Christian,1
2026-04-07,Otterville,2,Northwest (Hughesville),12
2026-04-07,Marionville,8,Pierce City,9
2026-04-07,East Prairie,7,Portageville with Risco,5
2026-04-07,Bloomfield,4,Puxico,7
2026-04-07,Strafford,5,Reeds Spring,3
2026-04-07,Liberal,28,Rich Hill,6
2026-04-07,Caruthersville,10,Scott County Central,9
2026-04-07,South Pemiscot,10,Senath-Hornersville,5
2026-04-07,Kennett,16,Senath-Hornersville,0
2026-04-07,Miller,0,Skyline,2
2026-04-07,Kennett,18,South Pemiscot,3
2026-04-07,Buffalo,1,Springfield Catholic,3
2026-04-07,Orrick,0,St. Paul Lutheran (Concordia),15
2026-04-07,Koshkonong,13,Summersville,14
2026-04-07,Alton,0,Thayer,10
2026-04-07,Spokane,8,Wheaton,3
2026-04-07,Plato,14,Willow Springs,4
2026-04-07,El Dorado Springs,20,Windsor,4
2026-04-08,Lockwood,8,Butler,1
2026-04-08,Santa Fe,14,Concordia,4
2026-04-08,Lone Jack,8,Crest Ridge,9
2026-04-08,Gideon,3,Delta (Deering),12
2026-04-08,Leeton,1,Green Ridge,17
2026-04-08,Liberal,9,Jasper,0
2026-04-08,Arcadia Valley,28,Kingston,0
2026-04-08,Rich Hill,19,Lakeland,21
2026-04-08,Delta,19,Meadow Heights,13
2026-04-08,Scott City,1,Oak Ridge,6
2026-04-08,Woodland,7,Oran,13
2026-04-08,Windsor,21,Otterville,1
2026-04-08,Central (Park Hills),12,Potosi,2
2026-04-08,Versailles,17,Prairie Home with Bunceton,2
2026-04-08,Bismarck,0,Ste. Genevieve,15
2026-04-08,Sparta,1,Strafford,11
2026-04-08,West County,7,Valle Catholic,10
2026-04-08,Kingsville,12,Wellington-Napoleon,1
2026-04-09,Clearwater with South Iron,12,Advance,3
2026-04-09,Delta,6,Arcadia Valley,5
2026-04-09,Liberty (Mountain View),0,Ava,13
2026-04-09,Senath-Hornersville,4,Bernie,19
2026-04-09,Charleston,1,Bloomfield,16
2026-04-09,Chadwick,14,Blue Eye,4
2026-04-09,Steelville with Viburnum,0,Bourbon,25
2026-04-09,Fair Grove,5,Buffalo,4
2026-04-09,Salem,18,Cabool,4
2026-04-09,Reeds Spring,2,Clever,11
2026-04-09,Billings with Hurley,5,Crane,4
2026-04-09,Concordia,1,Crest Ridge,11
2026-04-09,Puxico,23,Dexter,2
2026-04-09,Butler,5,El Dorado Springs,12
2026-04-09,Plato,13,Fordland,2
2026-04-09,Springfield Catholic,10,Forsyth,5
2026-04-09,Alton,7,Gainesville,8
2026-04-09,South Pemiscot,26,Gideon,0
2026-04-09,Stover,4,Green Ridge,10
2026-04-09,Caruthersville,2,Holcomb,12
2026-04-09,Archie,8,Jasper,12
2026-04-09,Wheaton,5,Lamar,10
2026-04-09,Otterville,0,Lincoln,17
2026-04-09,Adrian,13,Lone Jack,1
2026-04-09,Lockwood,11,Marionville,0
2026-04-09,Pierce City,0,Miller,11
2026-04-09,Houston,7,Mountain Grove,1
2026-04-09,Windsor,4,Northwest (Hughesville),5
2026-04-09,Scott County Central,1,Oak Ridge,16
2026-04-09,East Prairie,11,Oran,4
2026-04-09,Exeter,3,Purdy,11
2026-04-09,Skyline,13,Sarcoxie,1
2026-04-09,Conway,7,Seymour,9
2026-04-09,Meadow Heights,21,Ste. Genevieve,9
2026-04-09,Ash Grove,7,Stockton with Fair Play,5
2026-04-09,Hollister,2,Strafford,12
2026-04-09,Couch,6,Summersville,10
2026-04-09,Leeton,0,Sweet Springs,15
2026-04-09,Warsaw,15,Versailles,1
2026-04-09,Thayer,11,Willow Springs,1
2026-04-09,Koshkonong,0,Winona,15
2026-04-09,Malden,21,Woodland,2
2026-04-10,Scott County Central,5,Arcadia Valley,8
2026-04-10,Central (New Madrid County),11,Bernie,7
2026-04-10,Kingston,0,Bourbon,16
2026-04-10,Bernie,12,Caruthersville,2
2026-04-10,Central (New Madrid County),10,Caruthersville,0
2026-04-10,Oak Ridge,15,Delta,1
2026-04-10,Leopold,8,East Prairie,8
2026-04-10,Woodland,1,East Prairie,13
2026-04-10,Clarkton,21,Gideon,5
2026-04-10,Mt. Vernon,12,Kennett,3
2026-04-10,Woodland,5,Leopold,28
2026-04-10,Portageville with Risco,5,Malden,10
2026-04-10,Scott City,6,Malden,12
2026-04-10,Scott City,12,Portageville with Risco,9
2026-04-10,Grandview (Hillsboro),16,Steelville with Viburnum,1
2026-04-11,Oak Ridge,15,Arcadia Valley,0
2026-04-11,Leopold,5,Bernie,17
2026-04-11,Scott City,10,Bernie,9
2026-04-11,Portageville with Risco,14,Caruthersville,4
2026-04-11,Scott County Central,6,Delta,5
2026-04-11,El Dorado Springs,5,East Newton,3
2026-04-11,Stockton with Fair Play,0,East Newton,10
2026-04-11,Malden,4,East Prairie,6
2026-04-11,Central (New Madrid County),6,East Prairie,7
2026-04-11,Stockton with Fair Play,8,El Dorado Springs,14
2026-04-11,Lone Jack,5,Fair Grove,16
2026-04-11,Warsaw,6,Fair Grove,1
2026-04-11,Reeds Spring,3,Forsyth,5
2026-04-11,Springfield Catholic,11,Forsyth,2
2026-04-11,Purdy,6,Kennett,3
2026-04-11,Scott City,25,Leopold,6
2026-04-11,Warsaw,21,Lone Jack,7
2026-04-11,Central (New Madrid County),23,Malden,6
2026-04-11,Plato,5,Mountain Grove,6
2026-04-11,Seymour,5,Mountain Grove,14
2026-04-11,Scott City,12,Portageville with Risco,9
2026-04-11,Springfield Catholic,6,Reeds Spring,5
2026-04-11,Willow Springs,15,Seymour,0
2026-04-11,Fair Grove,1,Warsaw,6
2026-04-13,Midway,12,Adrian,18
2026-04-13,Winona,5,Alton,9
2026-04-13,Valle Catholic,22,Arcadia Valley,4
2026-04-13,Mountain Grove,13,Ava,8
2026-04-13,Summersville,1,Bakersfield,11
2026-04-13,Woodland,2,Bloomfield,5
2026-04-13,Billings with Hurley,15,Blue Eye,4
2026-04-13,Kennett,17,Campbell,0
2026-04-13,Campbell,9,Caruthersville,14
2026-04-13,Kennett,16,Caruthersville,0
2026-04-13,Exeter,1,Clever,11
2026-04-13,Skyline,13,Cole Camp,0
2026-04-13,Pleasant Hope,20,Conway,11
2026-04-13,Southwest (Washburn),3,Crane,8
2026-04-13,Puxico,13,Dexter,2
2026-04-13,Couch,14,Dora,15
2026-04-13,Holcomb,22,Gideon,0
2026-04-13,Meadow Heights,10,Grandview (Hillsboro),11
2026-04-13,Lockwood,15,Greenfield with Golden City,0
2026-04-13,New Heights Christian,7,Jasper,17
2026-04-13,Warsaw,18,Lakeland,1
2026-04-13,Diamond,6,Lamar,7
2026-04-13,El Dorado Springs,14,Liberal,2
2026-04-13,Cabool,14,Liberty (Mountain View),15
2026-04-13,Butler,3,Lincoln,4
2026-04-13,East Newton,17,Marionville,0
2026-04-13,Grandview (Hillsboro),11,Meadow Heights,10
2026-04-13,Pierce City,2,Mt. Vernon,16
2026-04-13,Clearwater with South Iron,15,Oran,6
2026-04-13,Rich Hill,3,Osceola,18
2026-04-13,Springfield Catholic,12,Reeds Spring,1
2026-04-13,Willow Springs,0,Salem,7
2026-04-13,Strafford,5,Sarcoxie,1
2026-04-13,Senath-Hornersville,0,Scott City,13
2026-04-13,Spokane,7,Seymour,5
2026-04-13,Tipton,27,St. Paul Lutheran (Concordia),10
2026-04-13,Licking,19,Steelville with Viburnum,4
2026-04-13,Otterville,0,Wellington-Napoleon,15
2026-04-13,Ste. Genevieve,7,West County,8
2026-04-13,Verona,9,Wheaton,13
2026-04-13,Versailles,8,Windsor,9
2026-04-14,Puxico,5,Advance,9
2026-04-14,Dora,10,Alton,21
2026-04-14,Rich Hill,14,Archie,15
2026-04-14,Marionville,3,Ash Grove,9
2026-04-14,Dora,0,Bakersfield,15
2026-04-14,Bloomfield,1,Bernie,11
2026-04-14,Potosi,25,Bismarck,7
2026-04-14,Clever,6,Buffalo,2
2026-04-14,Clarkton,0,Caruthersville,15
2026-04-14,Campbell,27,Charleston,1
2026-04-14,Greenville,0,Clearwater with South Iron,17
2026-04-14,Green Ridge,4,Cole Camp,6
2026-04-14,Northwest (Hughesville),1,Cole Camp,9
2026-04-14,Sweet Springs,13,Concordia,10
2026-04-14,Kingsville,3,Crest Ridge,2
2026-04-14,Miller,2,Diamond,4
2026-04-14,Mt. Vernon,7,East Newton,1
2026-04-14,Central (New Madrid County),5,East Prairie,8
2026-04-14,Liberty (Mountain View),18,Ellington,10
2026-04-14,Strafford,10,Forsyth,9
2026-04-14,Osceola,3,Greenfield with Golden City,12
2026-04-14,Leopold,4,Holcomb,9
2026-04-14,Meadow Heights,21,Kingston,4
2026-04-14,Northwest (Hughesville),8,Lincoln,6
2026-04-14,Otterville,9,Lone Jack,19
2026-04-14,Oran,23,Malden,12
2026-04-14,Willow Springs,18,Mansfield,3
2026-04-14,Liberal,10,New Heights Christian,2
2026-04-14,Gideon,25,North Pemiscot,26
2026-04-14,Wheaton,8,Pierce City,7
2026-04-14,Mountain Grove,2,Plato,5
2026-04-14,Billings with Hurley,5,Pleasant Hope,6
2026-04-14,Fair Grove,4,Reeds Spring,0
2026-04-14,Licking,2,Salem,11
2026-04-14,West County,4,Scott City,0
2026-04-14,Fordland,8,Seymour,9
2026-04-14,Lockwood,0,Skyline,7
2026-04-14,Chadwick,11,Sparta,21
2026-04-14,Verona,5,Spokane,15
2026-04-14,Hollister,5,Springfield Catholic,9
2026-04-14,Sarcoxie,2,Stockton with Fair Play,7
2026-04-15,Bernie,6,Advance,5
2026-04-15,Puxico,10,Bloomfield,6
2026-04-15,Richland (Essex),0,Leopold,15
2026-04-15,Lockwood,10,Liberal,6
2026-04-15,Gideon,0,Oran,21
2026-04-15,Charleston,3,Scott County Central,18
2026-04-16,Willow Springs,2,Ava,5
2026-04-16,Liberty (Mountain View),7,Bakersfield,8
2026-04-16,Versailles,1,Butler,6
2026-04-16,Northwest (Hughesville),2,Cole Camp,0
2026-04-16,Mansfield,15,Conway,2
2026-04-16,Warsaw,1,Crest Ridge,2
2026-04-16,Buffalo,0,El Dorado Springs,10
2026-04-16,Blue Eye,2,Hollister,17
2026-04-16,Otterville,2,Lincoln,17
2026-04-16,Skyline,11,Marionville,0
2026-04-16,Cabool,0,Mountain Grove,12
2026-04-16,Lone Jack,20,Orrick,1
2026-04-16,Hume,11,Osceola,15
2026-04-16,Licking,6,Potosi,12
2026-04-16,Campbell,19,Senath-Hornersville,7
2026-04-16,Windsor,13,Stover,0
2026-04-16,Clever,24,Strafford,7
2026-04-17,Winona,4,Arcadia Valley,11
2026-04-17,Central (Park Hills),8,Bourbon,4
2026-04-17,Delta (Deering),1,Caruthersville,16
2026-04-17,Central (New Madrid County),18,Dexter,1
2026-04-17,Bernie,10,East Prairie,9
2026-04-17,Mt. Vernon,9,Fair Grove,3
2026-04-17,Dora,5,Gainesville,15
2026-04-17,Delta,2,Holcomb,12
2026-04-17,Portageville with Risco,0,Oak Ridge,11
2026-04-17,West County,16,Potosi,4
2026-04-17,Clarkton,0,South Pemiscot,15
2026-04-17,Fordland,12,Spokane,6
2026-04-17,Houston,0,Thayer,1
2026-04-17,Tipton,4,Versailles,15
2026-04-18,Southwest (Washburn),3,Crane,8
2026-04-18,Reeds Spring,12,Greenfield with Golden City,4
2026-04-18,Crane,7,Greenfield with Golden City,7
2026-04-18,Southwest (Washburn),4,Greenfield with Golden City,2
2026-04-18,Crane,1,Reeds Spring,11
2026-04-18,Southwest (Washburn),4,Reeds Spring,18
2026-04-20,Versailles,4,Adrian,14
2026-04-20,Valle Catholic,6,Arcadia Valley,0
2026-04-20,Crest Ridge,16,Archie,0
2026-04-20,Thayer,2,Ava,1
2026-04-20,Scott City,3,Bernie,5
2026-04-20,Ste. Genevieve,15,Bismarck,3
2026-04-20,Oran,14,Bloomfield,2
2026-04-20,Sparta,18,Blue Eye,1
2026-04-20,Houston,18,Cabool,3
2026-04-20,Spokane,1,Clever,16
2026-04-20,Leeton,0,Concordia,16
2026-04-20,Orrick,5,Concordia,22
2026-04-20,East Prairie,17,Delta,2
2026-04-20,Advance,18,Dexter,16
2026-04-20,Strafford,3,Diamond,14
2026-04-20,Jasper,0,East Newton,15
2026-04-20,Oak Ridge,17,Grandview (Hillsboro),0
2026-04-20,Butler,6,Green Ridge,7
2026-04-20,Pleasant Hope,8,Greenfield with Golden City,11
2026-04-20,Billings with Hurley,0,Hollister,10
2026-04-20,Central (Park Hills),15,Kingston,0
2026-04-20,St. Paul Lutheran (Concordia),1,Kingsville,11
2026-04-20,Woodland,1,Leopold,10
2026-04-20,Salem,7,Liberty (Mountain View),5
2026-04-20,Liberal,6,Lockwood,10
2026-04-20,Windsor,4,Lone Jack,10
2026-04-20,Senath-Hornersville,4,Malden,9
2026-04-20,Holcomb,8,Malden,9
2026-04-20,Gainesville,4,Mansfield,14
2026-04-20,Clearwater with South Iron,19,Meadow Heights,0
2026-04-20,Santa Fe,20,Midway,4
2026-04-20,Lockwood,8,New Heights Christian,2
2026-04-20,Campbell,19,North Pemiscot,2
2026-04-20,Exeter,6,Pierce City,8
2026-04-20,West County,16,Potosi,3
2026-04-20,Wheaton,0,Purdy,12
2026-04-20,Bakersfield,5,Reeds Spring,6
2026-04-20,Hume,28,Rich Hill,8
2026-04-20,Mt. Vernon,11,Sarcoxie,1
2026-04-20,Holcomb,15,Senath-Hornersville,0
2026-04-20,Lincoln,0,Skyline,10
2026-04-20,Caruthersville,14,South Pemiscot,16
2026-04-20,Portageville with Risco,9,South Pemiscot,10
2026-04-20,Lamar,15,Southwest (Washburn),10
2026-04-20,Bourbon,27,Steelville with Viburnum,2
2026-04-20,Alton,10,Summersville,3
2026-04-20,Wellington-Napoleon,1,Sweet Springs,17
2026-04-20,Otterville,0,Tipton,15
2026-04-20,Marionville,12,Verona,0
2026-04-20,Miller,19,Verona,0
2026-04-20,Stover,0,Warsaw,15
2026-04-20,Mountain Grove,8,Willow Springs,6
2026-04-21,Bloomfield,6,Advance,7
2026-04-21,Pierce City,2,Ash Grove,4
2026-04-21,Conway,0,Billings with Hurley,11
2026-04-21,Arcadia Valley,19,Bismarck,4
2026-04-21,Summersville,7,Cabool,4
2026-04-21,Holcomb,6,Central (New Madrid County),10
2026-04-21,South Pemiscot,1,Central (New Madrid County),16
2026-04-21,West County,9,Central (Park Hills),4
2026-04-21,Oak Ridge,20,Charleston,0
2026-04-21,Dexter,0,Clearwater with South Iron,17
2026-04-21,Winona,8,Couch,9
2026-04-21,Sweet Springs,4,Crest Ridge,2
2026-04-21,Puxico,11,Delta,7
2026-04-21,Lockwood,11,Diamond,7
2026-04-21,Warsaw,17,El Dorado Springs,9
2026-04-21,New Heights Christian,2,Exeter,12
2026-04-21,Strafford,2,Fair Grove,12
2026-04-21,Willow Springs,13,Fordland,1
2026-04-21,Bakersfield,11,Gainesville,4
2026-04-21,Ellington,6,Greenville,18
2026-04-21,Buffalo,4,Hollister,2
2026-04-21,East Prairie,0,Kennett,10
2026-04-21,Potosi,20,Kingston,0
2026-04-21,Jasper,13,Lakeland,3
2026-04-21,Adrian,18,Lamar,16
2026-04-21,Scott City,13,Leopold,10
2026-04-21,Archie,1,Liberal,13
2026-04-21,Santa Fe,1,Lone Jack,11
2026-04-21,Caruthersville,0,Malden,14
2026-04-21,Delta (Deering),11,North Pemiscot,21
2026-04-21,Licking,2,Plato,8
2026-04-21,Senath-Hornersville,2,Portageville with Risco,17
2026-04-21,Tipton,16,Prairie Home with Bunceton,2
2026-04-21,Tipton,20,Prairie Home with Bunceton,5
2026-04-21,Forsyth,5,Reeds Spring,6
2026-04-21,Campbell,19,Richland (Essex),3
2026-04-21,Steelville with Viburnum,1,Salem,17
2026-04-21,Miller,18,Sarcoxie,5
2026-04-21,Sparta,6,Seymour,7
2026-04-21,Clever,8,Springfield Catholic,10
2026-04-21,Concordia,20,St. Paul Lutheran (Concordia),9
2026-04-21,Valle Catholic,0,Ste. Genevieve,6
2026-04-21,Marionville,4,Stockton with Fair Play,10
2026-04-21,Lincoln,15,Stover,0
2026-04-21,Southwest (Washburn),19,Verona,7
2026-04-21,Cole Camp,9,Windsor,8
2026-04-22,Butler,8,Adrian,6
2026-04-22,Skyline,15,Adrian,0
2026-04-22,Versailles,4,Adrian,9
2026-04-22,Meadow Heights,0,Bernie,16
2026-04-22,Grandview (Hillsboro),0,Bourbon,12
2026-04-22,Grandview (Hillsboro),1,Bourbon,16
2026-04-22,Concordia,4,Butler,7
2026-04-22,Mt. Vernon,7,Butler,0
2026-04-22,Scott County Central,20,Clarkton,2
2026-04-22,Mt. Vernon,12,Concordia,3
2026-04-22,Versailles,4,Concordia,7
2026-04-22,Osceola,3,Lamar,18
2026-04-22,Advance,3,Leopold,10
2026-04-22,Midway,6,Liberal,16
2026-04-22,Ash Grove,2,Miller,12
2026-04-22,Skyline,1,Mt. Vernon,0
2026-04-22,Charleston,0,Oran,25
2026-04-22,Kingsville,21,Orrick,2
2026-04-22,Crane,11,Reeds Spring,15
2026-04-22,Dexter,17,Richland (Essex),21
2026-04-22,Lockwood,15,Sarcoxie,0
2026-04-22,Diamond,8,Sarcoxie,9
2026-04-22,Versailles,0,Skyline,8
2026-04-22,Green Ridge,4,Sweet Springs,9
2026-04-23,Couch,3,Alton,18
2026-04-23,Forsyth,1,Buffalo,6
2026-04-23,Archie,0,Butler,15
2026-04-23,Holcomb,12,Campbell,2
2026-04-23,Valle Catholic,2,Central (Park Hills),12
2026-04-23,Otterville,5,Cole Camp,16
2026-04-23,Leopold,9,Delta,1
2026-04-23,Leopold,11,Delta,1
2026-04-23,Clarkton,5,Delta (Deering),11
2026-04-23,Clarkton,6,Delta (Deering),18
2026-04-23,Chadwick,0,Exeter,11
2026-04-23,Fordland,7,Gainesville,12
2026-04-23,North Pemiscot,21,Gideon,5
2026-04-23,Northwest (Hughesville),9,Green Ridge,10
2026-04-23,Reeds Spring,16,Hollister,4
2026-04-23,Ava,8,Houston,4
2026-04-23,Bismarck,20,Kingston,5
2026-04-23,Orrick,4,Leeton,17
2026-04-23,Windsor,5,Lincoln,9
2026-04-23,Ash Grove,4,Lockwood,5
2026-04-23,St. Paul Lutheran (Concordia),6,Lone Jack,16
2026-04-23,Diamond,8,Marionville,3
2026-04-23,Salem,13,Mountain Grove,1
2026-04-23,East Newton,18,New Heights Christian,0
2026-04-23,Kennett,18,Oran,0
2026-04-23,Strafford,3,Plato,8
2026-04-23,Stockton with Fair Play,7,Pleasant Hope,8
2026-04-23,Central (New Madrid County),16,Portageville with Risco,7
2026-04-23,Arcadia Valley,1,Potosi,16
2026-04-23,Stover,21,Prairie Home with Bunceton,5
2026-04-23,Lamar,0,Purdy,8
2026-04-23,Greenville,9,Puxico,8
2026-04-23,Spokane,3,Sarcoxie,9
2026-04-23,Warsaw,0,Skyline,10
2026-04-23,Clever,9,Southwest (Washburn),2
2026-04-23,West County,1,Ste. Genevieve,5
2026-04-23,Liberty (Mountain View),0,Thayer,15
2026-04-23,Crest Ridge,17,Wellington-Napoleon,3
2026-04-23,Greenfield with Golden City,6,Wheaton,8
2026-04-23,Cabool,4,Willow Springs,8
2026-04-23,Bakersfield,12,Winona,2
2026-04-24,Conway,3,Gainesville,18
2026-04-24,Buffalo,7,Lincoln,8
2026-04-24,Prairie Home with Bunceton,0,Lincoln,15
2026-04-24,Orrick,0,Midway,26
2026-04-24,Pierce City,13,New Heights Christian,4
2026-04-24,Leeton,0,Northwest (Hughesville),10
2026-04-24,Jasper,20,Rich Hill,0
2026-04-24,Diamond,8,Sarcoxie,9
2026-04-24,Woodland,2,Scott City,12
2026-04-24,Fair Grove,12,Springfield Catholic,9
2026-04-24,Green Ridge,8,Windsor,0
2026-04-25,Fair Grove,0,Ash Grove,5
2026-04-25,Marionville,6,Ash Grove,5
2026-04-25,Strafford,4,Ash Grove,7
2026-04-25,Steelville with Viburnum,0,Ava,22
2026-04-25,Mountain Grove,2,Ava,6
2026-04-25,Plato,0,Ava,5
2026-04-25,Malden,12,Bernie,13
2026-04-25,Campbell,2,Bernie,12
2026-04-25,Licking,0,Bourbon,11
2026-04-25,Plato,7,Bourbon,2
2026-04-25,Bakersfield,0,Clever,5
2026-04-25,Marionville,1,Fair Grove,12
2026-04-25,Strafford,0,Fair Grove,7
2026-04-25,Campbell,5,Malden,15
2026-04-25,Strafford,10,Marionville,0
2026-04-25,Clearwater with South Iron,1,Oak Ridge,2
2026-04-25,Prairie Home with Bunceton,8,Otterville,12
2026-04-25,Tipton,17,Otterville,3
2026-04-25,Steelville with Viburnum,2,Potosi,27
2026-04-25,Licking,9,Potosi,4
2026-04-25,Mountain Grove,11,Potosi,0
2026-04-25,Tipton,18,Prairie Home with Bunceton,1
2026-04-25,Licking,1,Salem,9
2026-04-25,Mountain Grove,6,Salem,5
2026-04-25,Plato,17,Salem,2
2026-04-25,Bourbon,16,Steelville with Viburnum,1
2026-04-26,Fair Grove,0,Ash Grove,5
2026-04-26,Marionville,6,Ash Grove,5
2026-04-26,Strafford,4,Ash Grove,7
2026-04-26,Steelville with Viburnum,0,Ava,22
2026-04-26,Mountain Grove,2,Ava,6
2026-04-26,Plato,0,Ava,5
2026-04-26,Malden,12,Bernie,13
2026-04-26,Campbell,2,Bernie,12
2026-04-26,Licking,0,Bourbon,11
2026-04-26,Plato,7,Bourbon,2
2026-04-26,Bakersfield,0,Clever,5
2026-04-26,Marionville,1,Fair Grove,12
2026-04-26,Strafford,0,Fair Grove,7
2026-04-26,Campbell,5,Malden,15
2026-04-26,Strafford,10,Marionville,0
2026-04-26,Clearwater with South Iron,1,Oak Ridge,2
2026-04-26,Prairie Home with Bunceton,8,Otterville,12
2026-04-26,Tipton,17,Otterville,3
2026-04-26,Steelville with Viburnum,2,Potosi,27
2026-04-26,Licking,9,Potosi,4
2026-04-26,Mountain Grove,11,Potosi,0
2026-04-26,Tipton,18,Prairie Home with Bunceton,1
2026-04-26,Licking,1,Salem,9
2026-04-26,Mountain Grove,6,Salem,5
2026-04-26,Plato,17,Salem,2
2026-04-26,Bourbon,16,Steelville with Viburnum,1
2026-04-27,South Pemiscot,19,Campbell,9
2026-04-27,Portageville with Risco,14,Caruthersville,6
2026-04-27,Blue Eye,0,Crane,11
2026-04-27,Orrick,0,Crest Ridge,18
2026-04-27,North Pemiscot,17,Delta (Deering),16
2026-04-27,Verona,3,Exeter,16
2026-04-27,Holcomb,21,Gideon,0
2026-04-27,North Pemiscot,0,Holcomb,22
2026-04-27,Windsor,16,Lakeland,0
2026-04-27,Stockton with Fair Play,4,Lockwood,8
2026-04-27,Senath-Hornersville,7,Malden,22
2026-04-27,Sarcoxie,4,Marionville,5
2026-04-27,Diamond,15,Pierce City,2
2026-04-27,Ash Grove,0,Skyline,9
2026-04-27,Stover,3,Versailles,5
2026-04-27,Adrian,4,Warsaw,11
2026-04-28,Windsor,14,Archie,0
2026-04-28,Santa Fe,5,Concordia,4
2026-04-28,Koshkonong,0,Couch,7
2026-04-28,Lakeland,0,Green Ridge,19
2026-04-28,Wellington-Napoleon,2,Lone Jack,18
2026-04-28,Midway,21,Rich Hill,3
2026-04-29,Richland (Essex),7,Arcadia Valley,17
2026-04-29,Oak Ridge,9,Bernie,2
2026-04-29,Puxico,4,Clearwater with South Iron,14
2026-04-29,Orrick,0,Concordia,15
2026-04-29,Fordland,16,Conway,4
2026-04-29,Marionville,4,Crane,2
2026-04-29,Santa Fe,0,Crest Ridge,8
2026-04-29,Advance,1,East Prairie,9
2026-04-29,Miller,7,El Dorado Springs,5
2026-04-29,Spokane,0,Forsyth,10
2026-04-29,Liberal,9,Greenfield with Golden City,2
2026-04-29,Sparta,2,Hollister,20
2026-04-29,Wheaton,6,Jasper,16
2026-04-29,Sweet Springs,2,Lone Jack,5
2026-04-29,Portageville with Risco,4,Malden,12
2026-04-29,Kennett,2,Malden,1
2026-04-29,Valle Catholic,23,Meadow Heights,14
2026-04-29,Clever,1,Mt. Vernon,11
2026-04-29,Scott County Central,2,Oran,12
2026-04-29,Midway,22,Osceola,9
2026-04-29,Purdy,9,Reeds Spring,1
2026-04-29,Lockwood,21,Rich Hill,0
2026-04-29,Arcadia Valley,17,Richland (Essex),7
2026-04-29,Kennett,11,South Pemiscot,4
2026-04-29,Kingston,14,Steelville with Viburnum,29
2026-04-29,Plato,16,Summersville,0
2026-04-29,Northwest (Hughesville),12,Tipton,14
2026-04-29,Prairie Home with Bunceton,0,Versailles,17
2026-04-29,Adrian,4,Warsaw,11
2026-04-29,St. Paul Lutheran (Concordia),11,Wellington-Napoleon,2
2026-04-29,Delta,0,Woodland,8
2026-04-30,Windsor,5,Adrian,17
2026-04-30,Forsyth,7,Ava,8
2026-04-30,Verona,10,Billings with Hurley,14
2026-04-30,Stockton with Fair Play,1,Buffalo,6
2026-04-30,East Prairie,14,Campbell,6
2026-04-30,Bloomfield,10,Central (New Madrid County),17
2026-04-30,Warsaw,6,Cole Camp,2
2026-04-30,St. Paul Lutheran (Concordia),0,Concordia,11
2026-04-30,Cabool,15,Couch,7
2026-04-30,Lone Jack,4,Crest Ridge,5
2026-04-30,Purdy,0,East Newton,10
2026-04-30,Skyline,5,Fair Grove,6
2026-04-30,Sparta,5,Fordland,8
2026-04-30,New Heights Christian,3,Greenfield with Golden City,13
2026-04-30,Chadwick,1,Hollister,9
2026-04-30,Strafford,7,Lamar,9
2026-04-30,Ellington,3,Licking,16
2026-04-30,Seymour,7,Mansfield,17
2026-04-30,Kingsville,2,Midway,4
2026-04-30,Wellington-Napoleon,15,Orrick,0
2026-04-30,Southwest (Washburn),2,Pierce City,7
2026-04-30,Houston,15,Plato,12
2026-04-30,Clever,17,Pleasant Hope,0
2026-04-30,Bourbon,6,Potosi,1
2026-04-30,Malden,18,Puxico,6
2026-04-30,Spokane,4,Reeds Spring,8
2026-04-30,Clarkton,1,Richland (Essex),16
2026-04-30,Clarkton,3,Richland (Essex),13
2026-04-30,Thayer,5,Salem,1
2026-04-30,Charleston,0,Scott City,24
2026-04-30,Meadow Heights,11,Scott County Central,12
2026-04-30,Valle Catholic,3,West County,8
2026-04-30,Exeter,8,Wheaton,2
2026-05-01,Pleasant Hope,0,Bakersfield,9
2026-05-01,Green Ridge,3,Buffalo,4
2026-05-01,Dexter,1,Caruthersville,12
2026-05-01,Campbell,4,Caruthersville,5
2026-05-01,Bernie,14,Central (New Madrid County),8
2026-05-01,Crane,7,Fordland,8
2026-05-01,Salem,16,Kingston,0
2026-05-01,East Prairie,4,Malden,0
2026-05-01,Richland (Essex),22,North Pemiscot,6
2026-05-01,East Newton,15,Pierce City,0
2026-05-01,Seymour,2,Reeds Spring,12
2026-05-01,Sweet Springs,2,Santa Fe,1
2026-05-01,Lamar,24,Sarcoxie,10
2026-05-01,Clarkton,0,Senath-Hornersville,15
2026-05-01,Chadwick,0,Strafford,15
2026-05-02,Warsaw,10,Butler,0
2026-05-02,Clarkton,1,Campbell,16
2026-05-02,Warsaw,4,El Dorado Springs,2
2026-05-02,Southwest (Washburn),1,Purdy,11
